IP-Adresse,Anmeldequelle,Anmeldedatum und -uhrzeit
12.245.46.170,Handy,"24.08.2018, 20:55:55"
89.249.73.19,Web,"22.12.2018, 15:13:32"
12.245.46.170,Handy,"24.08.2018, 20:55:56"
155.56.44.141,Web,"14.09.2018, 09:26:22"
80.187.96.24,Handy,"23.06.2019, 15:47:50"
46.165.246.169,Web,"05.04.2020, 17:11:09"
45.86.203.9,Web,"12.05.2020, 10:52:42"
45.86.203.33,Web,"18.07.2020, 10:08:31"
91.133.64.241,Web,"10.08.2020, 12:16:27"
91.133.64.241,Web,"10.08.2020, 14:46:44"
91.133.64.241,Web,"10.08.2020, 14:52:22"
91.133.64.241,Handy,"10.08.2020, 15:15:13"
185.183.107.236,Web,"20.11.2020, 13:17:23"
185.183.107.236,Web,"01.12.2020, 19:21:05"
185.183.107.236,Web,"02.12.2020, 06:37:09"
45.86.203.9,Web,"01.01.2021, 11:20:57"
154.16.179.21,Web,"04.01.2021, 13:02:47"
91.21.1.168,Web,"06.01.2021, 15:14:54"
2003:e5:2705:4c01:68f8:1fc3:10d3:e479,Web,"06.01.2021, 15:15:54"
185.183.107.236,Web,"01.02.2021, 18:50:46"
45.86.203.9,Web,"11.03.2021, 12:58:34"
185.183.107.227,Web,"16.04.2021, 14:33:57"
95.89.106.33,Web,"25.04.2021, 08:27:21"
95.89.134.144,Web,"06.05.2021, 16:33:55"
185.183.107.227,Web,"15.05.2021, 11:30:51"
80.187.97.120,Web,"06.06.2021, 10:46:01"
95.89.108.61,Web,"06.06.2021, 12:17:19"
185.183.107.236,Web,"30.06.2021, 10:43:51"
45.132.226.12,Web,"05.07.2021, 15:35:56"
95.88.251.110,Web,"13.07.2021, 15:49:27"
45.132.226.17,Web,"29.07.2021, 17:15:04"
45.132.226.9,Web,"29.08.2021, 18:41:49"
45.86.203.96,Web,"18.09.2021, 18:17:31"
185.183.107.242,Web,"24.10.2021, 17:07:55"
88.134.37.207,Web,"10.11.2021, 18:02:34"
185.183.107.236,Web,"28.11.2021, 19:53:11"
80.187.64.164,Web,"24.12.2021, 16:08:03"
185.183.107.222,Web,"24.12.2021, 22:17:32"
185.183.107.236,Web,"17.01.2022, 19:18:18"
193.16.224.45,Web,"04.02.2022, 11:48:26"
194.169.217.228,Web,"02.03.2022, 19:40:13"
194.169.217.84,Web,"04.04.2022, 16:20:42"
45.95.243.87,Web,"25.05.2022, 14:35:07"
45.95.243.148,Web,"11.06.2022, 11:19:07"
45.95.243.105,Web,"12.06.2022, 10:41:40"
45.95.243.161,Web,"15.07.2022, 13:15:27"
95.88.193.232,Web,"01.08.2022, 16:01:41"
45.95.243.98,Web,"16.09.2022, 11:37:16"
45.95.243.64,Web,"24.09.2022, 12:20:18"
45.95.243.72,Web,"03.11.2022, 19:14:12"
45.95.243.29,Web,"12.11.2022, 17:38:54"
194.169.217.61,Handy,"25.11.2022, 14:43:17"
193.16.224.11,Web,"08.12.2022, 10:25:34"
45.95.243.102,Web,"14.12.2022, 18:03:23"
45.95.243.68,Web,"20.01.2023, 14:22:28"
45.95.243.2,Web,"26.02.2023, 15:43:13"
45.95.243.53,Web,"13.04.2023, 16:25:59"
45.95.243.102,Web,"23.06.2023, 17:40:41"
45.95.243.98,Web,"29.07.2023, 17:17:09"
45.95.243.36,Web,"04.08.2023, 11:55:30"
88.134.37.177,Web,"03.09.2023, 11:49:25"
45.95.243.65,Web,"08.09.2023, 16:49:05"
212.103.60.21,Web,"23.09.2023, 12:56:23"
2a01:599:b0e:9d39:f8e7:fe4f:7080:9537,Handy,"30.09.2023, 13:40:58"
147.78.129.157,Web,"17.10.2023, 11:38:14"
147.78.129.157,Web,"25.10.2023, 13:00:19"
147.78.129.157,Web,"11.12.2023, 20:15:50"
147.78.129.157,Web,"21.01.2024, 11:13:38"
147.78.129.157,Web,"05.03.2024, 18:08:35"
147.78.129.157,Web,"19.05.2024, 11:19:12"
147.78.129.157,Web,"18.06.2024, 17:47:17"
147.78.129.157,Web,"21.07.2024, 11:54:08"
147.78.129.157,Handy,"03.10.2024, 12:12:05"
193.16.224.9,Web,"11.06.2025, 06:58:02"
147.78.129.157,Web,"04.07.2025, 16:16:32"
147.78.129.157,Web,"13.08.2025, 19:30:35"
147.78.129.157,Handy,"22.08.2025, 12:25:00"
147.78.129.157,Handy,"26.08.2025, 14:48:32"
147.78.129.157,Web,"26.08.2025, 18:05:08"
147.78.129.157,Web,"27.09.2025, 15:28:17"
147.78.129.157,Web,"17.10.2025, 17:57:09"
147.78.129.157,Web,"08.11.2025, 09:31:19"
147.78.129.157,Web,"20.11.2025, 14:16:41"
147.78.129.157,Web,"21.12.2025, 16:40:41"
147.78.129.157,Web,"25.12.2025, 21:00:51"
64.79.132.182,Web,"13.01.2026, 18:32:57"
147.78.129.157,Web,"20.01.2026, 19:32:19"
147.78.129.157,Web,"20.01.2026, 20:12:14"
